<?xml version="1.0" encoding="UTF-8"?>
<!DOCTYPE hibernate-reverse-engineering PUBLIC "-//Hibernate/Hibernate Reverse Engineering DTD 3.0//EN" "http://hibernate.sourceforge.net/hibernate-reverse-engineering-3.0.dtd" >

<hibernate-reverse-engineering>
	<table name="category" catalog="sjc">
		<column name="name" property="categoryname"></column>
	</table>
	<table name="product" catalog="sjc">
		<column name="name" property="productname"></column>
	</table>
</hibernate-reverse-engineering>